-- MySQL dump 10.13  Distrib 5.5.47, for debian-linux-gnu (x86_64)
--
-- Host: localhost    Database: fnx_journals
-- ------------------------------------------------------
-- Server version	5.5.47-0ubuntu0.14.04.1

/*!40101 SET @OLD_CHARACTER_SET_CLIENT=@@CHARACTER_SET_CLIENT */;
/*!40101 SET @OLD_CHARACTER_SET_RESULTS=@@CHARACTER_SET_RESULTS */;
/*!40101 SET @OLD_COLLATION_CONNECTION=@@COLLATION_CONNECTION */;
/*!40101 SET NAMES utf8 */;
/*!40103 SET @OLD_TIME_ZONE=@@TIME_ZONE */;
/*!40103 SET TIME_ZONE='+00:00' */;
/*!40014 SET @OLD_UNIQUE_CHECKS=@@UNIQUE_CHECKS, UNIQUE_CHECKS=0 */;
/*!40014 SET @OLD_FOREIGN_KEY_CHECKS=@@FOREIGN_KEY_CHECKS, FOREIGN_KEY_CHECKS=0 */;
/*!40101 SET @OLD_SQL_MODE=@@SQL_MODE, SQL_MODE='NO_AUTO_VALUE_ON_ZERO' */;
/*!40111 SET @OLD_SQL_NOTES=@@SQL_NOTES, SQL_NOTES=0 */;

--
-- Table structure for table `articles`
--

DROP TABLE IF EXISTS `articles`;
/*!40101 SET @saved_cs_client     = @@character_set_client */;
/*!40101 SET character_set_client = utf8 */;
CREATE TABLE `articles` (
  `articleId` int(10) NOT NULL AUTO_INCREMENT,
  `title` varchar(255) NOT NULL,
  `shortDescription` text NOT NULL,
  `content` text NOT NULL,
  `price` float DEFAULT '0',
  `categoryId` int(10) DEFAULT NULL,
  PRIMARY KEY (`articleId`),
  KEY `categoryId` (`categoryId`),
  CONSTRAINT `articles_ibfk_1` FOREIGN KEY (`categoryId`) REFERENCES `categories` (`categoryId`)
) ENGINE=InnoDB AUTO_INCREMENT=51 DEFAULT CHARSET=utf8;
/*!40101 SET character_set_client = @saved_cs_client */;

--
-- Dumping data for table `articles`
--

LOCK TABLES `articles` WRITE;
/*!40000 ALTER TABLE `articles` DISABLE KEYS */;
INSERT INTO `articles` VALUES (1,'Healthy dish you can preapare quickly','Nulla vestibulum nec, dignissim in, cursus molestie. Donec est. Integer neque quis porta nisl. Nam pulvinar, quam molestie ultricies vitae.','Lorem ipsum primis in erat consectetuer viverra semper orci, viverra lacinia. Vestibulum aliquam lacinia, risus nunc, placerat ornare dapibus. Aenean et netus et velit. Duis hendrerit magna sapien, tempus ac, dictum sed, vestibulum vehicula. Etiam leo at risus commodo ante. Curabitur elit. Cum sociis natoque penatibus et magnis dis parturient montes, nascetur ridiculus mus. Morbi sem dolor eu wisi. Suspendisse at lorem non orci. Proin gravida sit amet nunc volutpat a, pellentesque sed, sodales pede. Duis vulputate nunc. Praesent tortor. Donec vitae felis. Mauris leo. Donec molestie a, tellus. Suspendisse at magna. Etiam vestibulum tristique vitae, lectus. Nam suscipit, risus velit, a dolor lacus, congue quis, dictum id, eleifend purus scelerisque odio sit amet felis odio vitae fringilla fringilla eget, nulla. Nunc justo ac posuere cubilia Curae, Sed vehicula wisi, aliquam arcu. Sed feugiat sapien, congue odio non arcu. Nam risus et ultrices iaculis. Curabitur arcu elit, dictum ut, diam.',0,1),(2,'Germanium-based CPU cores','Cum sociis natoque penatibus et ultrices urna, pellentesque tincidunt, velit in dui. Lorem ipsum aliquet elit. Mauris luctus et magnis.','Curae, Mauris vel risus. Nulla facilisi. Nullam et lacus a mauris. Nunc ultricies tortor id tortor quis massa ac ipsum. Proin cursus, mi quis viverra elit. Nunc consectetuer adipiscing ornare. Nam molestie. Quisque pharetra, urna ut urna mauris, consectetuer nisl. Fusce mollis, orci a augue. Nam scelerisque pede ac nisl. Morbi fermentum leo facilisis dui ligula, quis eleifend eget, nunc. Nunc velit non sem. Nam lorem eu eros. Pellentesque laoreet metus vitae tellus consectetuer adipiscing quam sagittis eget, bibendum ac, ultricies vehicula, dui gravida vitae, lectus. Curabitur commodo. Curabitur condimentum magna sapien, nec tellus. Quisque nulla. Aenean massa molestie justo euismod scelerisque vel, ipsum. Nunc accumsan at, egestas risus libero, posuere cubilia Curae, In accumsan augue nec turpis quis euismod nibh, dignissim dolor eu elementum quis, ornare at, bibendum porttitor. Class aptent taciti sociosqu ad litora torquent per conubia nostra, per inceptos hymenaeos. Curabitur eu dui quis justo. Vestibulum enim.',1.5,1),(3,'A Pyramid? Found one more!','Morbi vitae dui odio nonummy eget, dignissim porttitor, arcu nunc ut erat. Duis ut aliquet ipsum sit amet, ante. Morbi.','Aenean feugiat nec, nibh. Donec dolor nibh, dignissim tempor, pede urna mi, nec sapien mauris lacus a blandit malesuada. Suspendisse vel leo. In euismod. Integer lacinia id, sapien. Maecenas sapien quis consectetuer dignissim, lorem fermentum mi, viverra ligula. Phasellus ac lectus. Sed adipiscing risus at tortor. Integer neque ut venenatis augue quis pellentesque consectetuer, augue at consequat tortor, pretium vitae, tortor. Proin dui at sapien. Maecenas imperdiet convallis. Fusce blandit justo, posuere cubilia Curae, Vivamus semper quis, tellus. Aliquam nulla. Aliquam ultricies lobortis sed, ullamcorper varius nunc, tempus nunc. Ut sodales, dictum sed, aliquet elit, varius risus metus gravida non, nunc. Sed aliquet quis, ornare quam. Vestibulum ullamcorper augue, sagittis urna. Donec odio sit amet, sodales nulla. Phasellus urna fringilla vel, ornare bibendum sapien vitae lectus vulputate faucibus. Sed sagittis nibh ultricies leo. In urna. Proin imperdiet dignissim volutpat at, pretium pellentesque. Praesent gravida iaculis odio, sagittis lacus et augue.',5.75,1),(4,'The prosecution just couldn\'t handle the truth','Vestibulum convallis nisl, sollicitudin sed, fermentum facilisis. Maecenas fermentum quis, velit. Duis lobortis, varius sit amet, felis. Pellentesque porta tincidunt.','Mauris vestibulum ligula. Ut sagittis, nunc semper feugiat. Cum sociis natoque penatibus et eros orci luctus et lectus. Curabitur placerat, nisl ac odio eget velit wisi, ullamcorper mauris. Etiam ac ligula. Lorem ipsum aliquet feugiat nec, scelerisque arcu. Sed mauris sit amet, vulputate luctus. Sed fringilla sollicitudin, odio vitae velit sit amet, massa. Nunc gravida. Suspendisse est. Lorem ipsum dolor ut magna. Quisque vestibulum. Nulla consequat sed, ullamcorper ac, laoreet a, ligula. Aenean non felis. Pellentesque at ipsum. Aliquam consequat eu, luctus bibendum. Nulla eleifend purus consectetuer massa. Proin sed porta turpis velit, scelerisque odio eget augue commodo volutpat quam nibh faucibus in, dapibus sit amet, iaculis ante, tincidunt quis, ultricies porta. Vivamus pede. Vestibulum aliquam enim. Nunc leo. Phasellus ipsum dolor placerat vehicula elit ac turpis egestas. Mauris rutrum, enim sed massa in accumsan congue. Donec vitae libero at purus. Sed nonummy id, elit. Curabitur fringilla ante sodales eu.',0,4),(5,'A walk to the park','Lorem ipsum dolor sapien accumsan congue. Donec ullamcorper, lorem hendrerit wisi. Vestibulum turpis egestas. Aenean posuere elementum odio fermentum suscipit.','Nullam aliquet. Vestibulum cursus vitae, sollicitudin mauris sed viverra elit viverra quis, faucibus orci quis nibh. Curabitur ultrices urna, pellentesque leo. Aenean congue porta, metus sed est. Quisque ut mauris sed eros malesuada vitae, dapibus vel, orci. Sed mauris turpis, molestie turpis sagittis libero. Morbi pede. In quis nibh vel lectus. Nullam rutrum et, faucibus orci vitae dui eget sem tincidunt in, tristique eget, aliquam purus. Integer eget tempus ornare arcu quis nibh. Phasellus lorem tempus nunc. Etiam dictum ut, pulvinar interdum. Quisque cursus, mi libero, id rutrum nulla, auctor scelerisque, ante nec quam. Sed porttitor, quam risus, pellentesque at, metus. Vestibulum ante in nonummy id, semper quis, aliquam arcu. In molestie lorem velit eleifend quam nunc, vitae fringilla mi, eu felis augue id leo vitae est sit amet felis mollis pulvinar. Nulla euismod, quam at arcu. Etiam nibh eu urna. Aenean bibendum vitae, vulputate adipiscing. Mauris eget lectus felis.',0,5);
/*!40000 ALTER TABLE `articles` ENABLE KEYS */;
UNLOCK TABLES;

--
-- Table structure for table `articles_authors`
--

DROP TABLE IF EXISTS `articles_authors`;
/*!40101 SET @saved_cs_client     = @@character_set_client */;
/*!40101 SET character_set_client = utf8 */;
CREATE TABLE `articles_authors` (
  `articleId` int(10) NOT NULL,
  `authorId` int(10) NOT NULL,
  PRIMARY KEY (`articleId`,`authorId`),
  KEY `authorId` (`authorId`),
  KEY `articles_authors_idx_1` (`articleId`),
  CONSTRAINT `articles_authors_ibfk_1` FOREIGN KEY (`articleId`) REFERENCES `articles` (`articleId`),
  CONSTRAINT `articles_authors_ibfk_2` FOREIGN KEY (`authorId`) REFERENCES `authors` (`authorId`)
) ENGINE=InnoDB DEFAULT CHARSET=utf8;
/*!40101 SET character_set_client = @saved_cs_client */;

--
-- Dumping data for table `articles_authors`
--

LOCK TABLES `articles_authors` WRITE;
/*!40000 ALTER TABLE `articles_authors` DISABLE KEYS */;
INSERT INTO `articles_authors` VALUES (1,1),(2,2),(4,3),(5,4),(3,5);
/*!40000 ALTER TABLE `articles_authors` ENABLE KEYS */;
UNLOCK TABLES;

--
-- Table structure for table `articles_tags`
--

DROP TABLE IF EXISTS `articles_tags`;
/*!40101 SET @saved_cs_client     = @@character_set_client */;
/*!40101 SET character_set_client = utf8 */;
CREATE TABLE `articles_tags` (
  `articleId` int(10) NOT NULL,
  `tagId` int(10) NOT NULL,
  PRIMARY KEY (`articleId`,`tagId`),
  KEY `tagId` (`tagId`),
  KEY `articles_tags_idx_1` (`articleId`),
  CONSTRAINT `articles_tags_ibfk_1` FOREIGN KEY (`articleId`) REFERENCES `articles` (`articleId`),
  CONSTRAINT `articles_tags_ibfk_2` FOREIGN KEY (`tagId`) REFERENCES `tags` (`tagId`)
) ENGINE=InnoDB DEFAULT CHARSET=utf8;
/*!40101 SET character_set_client = @saved_cs_client */;

--
-- Dumping data for table `articles_tags`
--

LOCK TABLES `articles_tags` WRITE;
/*!40000 ALTER TABLE `articles_tags` DISABLE KEYS */;
INSERT INTO `articles_tags` VALUES (1,1),(1,2),(1,3),(2,4),(3,4),(2,5),(3,5),(2,6),(3,7),(3,8),(4,9),(5,9),(4,10),(5,10),(4,11),(3,12);
/*!40000 ALTER TABLE `articles_tags` ENABLE KEYS */;
UNLOCK TABLES;

--
-- Table structure for table `authors`
--

DROP TABLE IF EXISTS `authors`;
/*!40101 SET @saved_cs_client     = @@character_set_client */;
/*!40101 SET character_set_client = utf8 */;
CREATE TABLE `authors` (
  `authorId` int(10) NOT NULL AUTO_INCREMENT,
  `firstName` varchar(20) NOT NULL,
  `lastName` varchar(20) NOT NULL,
  `about` text,
  PRIMARY KEY (`authorId`)
) ENGINE=InnoDB AUTO_INCREMENT=6 DEFAULT CHARSET=utf8;
/*!40101 SET character_set_client = @saved_cs_client */;

--
-- Dumping data for table `authors`
--

LOCK TABLES `authors` WRITE;
/*!40000 ALTER TABLE `authors` DISABLE KEYS */;
INSERT INTO `authors` VALUES (1,'Gordon','Ramsay','Lorem ipsum dolor sit amet, consectetuer adipiscing elit. Aenean commodo ligula eget dolor. Aenean massa. Cum sociis natoque penatibus et magnis dis parturient montes, nascetur ridiculus mus. Donec quam felis, ultricies nec, pellentesque eu, pretium quis, sem. Nulla consequat massa quis enim. Donec pede justo, fringilla vel, aliquet nec, vulputate eget, arcu. In enim justo, rhoncus ut, imperdiet a, venenatis vitae, justo. Nullam dictum felis eu pede mollis pretium. Integer tincidunt. Cras dapibus. Vivamus elementum semper nisi. Aenean vulputate eleifend tellus. Aenean leo ligula, porttitor eu, consequat vitae, eleifend ac, enim. Aliquam lorem ante, dapibus in, viverra quis, feugiat a, tellus. Phasellus viverra nulla ut metus varius laoreet. Quisque rutrum. Aenean imperdiet. Etiam ultricies nisi vel augue. Curabitur ullamcorper ultricies nisi. Nam eget dui. Etiam rhoncus. Maecenas tempus, tellus eget condimentum rhoncus, sem quam semper libero, sit amet adipiscing sem neque sed ipsum. Nam quam nunc, blandit vel, luctus pulvinar, hendrerit id, lorem. Maecenas nec odio et ante tincidunt tempus. Donec vitae sapien ut libero venenatis faucibus. Nullam quis ante. Etiam sit amet orci eget eros faucibus tincidunt. Duis leo. Sed fringilla mauris sit amet nibh. Donec sodales sagittis magna. Sed consequat, leo eget bibendum sodales, augue velit cursus nunc,'),(2,'Roger','Penrose','Lorem ipsum dolor sit amet, consectetuer adipiscing elit. Aenean commodo ligula eget dolor. Aenean massa. Cum sociis natoque penatibus et magnis dis parturient montes, nascetur ridiculus mus. Donec quam felis, ultricies nec, pellentesque eu, pretium quis, sem. Nulla consequat massa quis enim. Donec pede justo, fringilla vel, aliquet nec, vulputate eget, arcu. In enim justo, rhoncus ut, imperdiet a, venenatis vitae, justo. Nullam dictum felis eu pede mollis pretium. Integer tincidunt. Cras dapibus. Vivamus elementum semper nisi. Aenean vulputate eleifend tellus. Aenean leo ligula, porttitor eu, consequat vitae, eleifend ac, enim. Aliquam lorem ante, dapibus in, viverra quis, feugiat a, tellus. Phasellus viverra nulla ut metus varius laoreet. Quisque rutrum. Aenean imperdiet. Etiam ultricies nisi vel augue. Curabitur ullamcorper ultricies nisi. Nam eget dui. Etiam rhoncus. Maecenas tempus, tellus eget condimentum rhoncus, sem quam semper libero, sit amet adipiscing sem neque sed ipsum. Nam quam nunc, blandit vel, luctus pulvinar, hendrerit id, lorem. Maecenas nec odio et ante tincidunt tempus. Donec vitae sapien ut libero venenatis faucibus. Nullam quis ante. Etiam sit amet orci eget eros faucibus tincidunt. Duis leo. Sed fringilla mauris sit amet nibh. Donec sodales sagittis magna. Sed consequat, leo eget bibendum sodales, augue velit cursus nunc,'),(3,'Johann','Voynich','Lorem ipsum dolor sit amet, consectetuer adipiscing elit. Aenean commodo ligula eget dolor. Aenean massa. Cum sociis natoque penatibus et magnis dis parturient montes, nascetur ridiculus mus. Donec quam felis, ultricies nec, pellentesque eu, pretium quis, sem. Nulla consequat massa quis enim. Donec pede justo, fringilla vel, aliquet nec, vulputate eget, arcu. In enim justo, rhoncus ut, imperdiet a, venenatis vitae, justo. Nullam dictum felis eu pede mollis pretium. Integer tincidunt. Cras dapibus. Vivamus elementum semper nisi. Aenean vulputate eleifend tellus. Aenean leo ligula, porttitor eu, consequat vitae, eleifend ac, enim. Aliquam lorem ante, dapibus in, viverra quis, feugiat a, tellus. Phasellus viverra nulla ut metus varius laoreet. Quisque rutrum. Aenean imperdiet. Etiam ultricies nisi vel augue. Curabitur ullamcorper ultricies nisi. Nam eget dui. Etiam rhoncus. Maecenas tempus, tellus eget condimentum rhoncus, sem quam semper libero, sit amet adipiscing sem neque sed ipsum. Nam quam nunc, blandit vel, luctus pulvinar, hendrerit id, lorem. Maecenas nec odio et ante tincidunt tempus. Donec vitae sapien ut libero venenatis faucibus. Nullam quis ante. Etiam sit amet orci eget eros faucibus tincidunt. Duis leo. Sed fringilla mauris sit amet nibh. Donec sodales sagittis magna. Sed consequat, leo eget bibendum sodales, augue velit cursus nunc,'),(4,'Martha','Stewart','Lorem ipsum dolor sit amet, consectetuer adipiscing elit. Aenean commodo ligula eget dolor. Aenean massa. Cum sociis natoque penatibus et magnis dis parturient montes, nascetur ridiculus mus. Donec quam felis, ultricies nec, pellentesque eu, pretium quis, sem. Nulla consequat massa quis enim. Donec pede justo, fringilla vel, aliquet nec, vulputate eget, arcu. In enim justo, rhoncus ut, imperdiet a, venenatis vitae, justo. Nullam dictum felis eu pede mollis pretium. Integer tincidunt. Cras dapibus. Vivamus elementum semper nisi. Aenean vulputate eleifend tellus. Aenean leo ligula, porttitor eu, consequat vitae, eleifend ac, enim. Aliquam lorem ante, dapibus in, viverra quis, feugiat a, tellus. Phasellus viverra nulla ut metus varius laoreet. Quisque rutrum. Aenean imperdiet. Etiam ultricies nisi vel augue. Curabitur ullamcorper ultricies nisi. Nam eget dui. Etiam rhoncus. Maecenas tempus, tellus eget condimentum rhoncus, sem quam semper libero, sit amet adipiscing sem neque sed ipsum. Nam quam nunc, blandit vel, luctus pulvinar, hendrerit id, lorem. Maecenas nec odio et ante tincidunt tempus. Donec vitae sapien ut libero venenatis faucibus. Nullam quis ante. Etiam sit amet orci eget eros faucibus tincidunt. Duis leo. Sed fringilla mauris sit amet nibh. Donec sodales sagittis magna. Sed consequat, leo eget bibendum sodales, augue velit cursus nunc,'),(5,'Henry','Walton Jones III','Lorem ipsum dolor sit amet, consectetuer adipiscing elit. Aenean commodo ligula eget dolor. Aenean massa. Cum sociis natoque penatibus et magnis dis parturient montes, nascetur ridiculus mus. Donec quam felis, ultricies nec, pellentesque eu, pretium quis, sem. Nulla consequat massa quis enim. Donec pede justo, fringilla vel, aliquet nec, vulputate eget, arcu. In enim justo, rhoncus ut, imperdiet a, venenatis vitae, justo. Nullam dictum felis eu pede mollis pretium. Integer tincidunt. Cras dapibus. Vivamus elementum semper nisi. Aenean vulputate eleifend tellus. Aenean leo ligula, porttitor eu, consequat vitae, eleifend ac, enim. Aliquam lorem ante, dapibus in, viverra quis, feugiat a, tellus. Phasellus viverra nulla ut metus varius laoreet. Quisque rutrum. Aenean imperdiet. Etiam ultricies nisi vel augue. Curabitur ullamcorper ultricies nisi. Nam eget dui. Etiam rhoncus. Maecenas tempus, tellus eget condimentum rhoncus, sem quam semper libero, sit amet adipiscing sem neque sed ipsum. Nam quam nunc, blandit vel, luctus pulvinar, hendrerit id, lorem. Maecenas nec odio et ante tincidunt tempus. Donec vitae sapien ut libero venenatis faucibus. Nullam quis ante. Etiam sit amet orci eget eros faucibus tincidunt. Duis leo. Sed fringilla mauris sit amet nibh. Donec sodales sagittis magna. Sed consequat, leo eget bibendum sodales, augue velit cursus nunc,');
/*!40000 ALTER TABLE `authors` ENABLE KEYS */;
UNLOCK TABLES;

--
-- Table structure for table `categories`
--

DROP TABLE IF EXISTS `categories`;
/*!40101 SET @saved_cs_client     = @@character_set_client */;
/*!40101 SET character_set_client = utf8 */;
CREATE TABLE `categories` (
  `categoryId` int(10) NOT NULL AUTO_INCREMENT,
  `name` varchar(30) NOT NULL,
  PRIMARY KEY (`categoryId`)
) ENGINE=InnoDB AUTO_INCREMENT=6 DEFAULT CHARSET=utf8;
/*!40101 SET character_set_client = @saved_cs_client */;

--
-- Dumping data for table `categories`
--

LOCK TABLES `categories` WRITE;
/*!40000 ALTER TABLE `categories` DISABLE KEYS */;
INSERT INTO `categories` VALUES (1,'Health'),(2,'Science'),(3,'Archeology'),(4,'Miscellaneous'),(5,'Daily Life');
/*!40000 ALTER TABLE `categories` ENABLE KEYS */;
UNLOCK TABLES;

--
-- Table structure for table `comments`
--

DROP TABLE IF EXISTS `comments`;
/*!40101 SET @saved_cs_client     = @@character_set_client */;
/*!40101 SET character_set_client = utf8 */;
CREATE TABLE `comments` (
  `commentId` int(10) NOT NULL AUTO_INCREMENT,
  `text` text NOT NULL,
  `date` datetime NOT NULL,
  `userId` int(10) NOT NULL,
  PRIMARY KEY (`commentId`),
  KEY `userId` (`userId`),
  CONSTRAINT `comments_ibfk_1` FOREIGN KEY (`userId`) REFERENCES `users` (`userId`)
) ENGINE=InnoDB DEFAULT CHARSET=utf8;
/*!40101 SET character_set_client = @saved_cs_client */;

--
-- Dumping data for table `comments`
--

LOCK TABLES `comments` WRITE;
/*!40000 ALTER TABLE `comments` DISABLE KEYS */;
/*!40000 ALTER TABLE `comments` ENABLE KEYS */;
UNLOCK TABLES;

--
-- Table structure for table `orders`
--

DROP TABLE IF EXISTS `orders`;
/*!40101 SET @saved_cs_client     = @@character_set_client */;
/*!40101 SET character_set_client = utf8 */;
CREATE TABLE `orders` (
  `orderId` int(10) NOT NULL AUTO_INCREMENT,
  `price` float NOT NULL,
  `orderDate` datetime NOT NULL,
  `customerId` int(10) NOT NULL,
  `articleId` int(10) NOT NULL,
  PRIMARY KEY (`orderId`),
  KEY `customerId` (`customerId`),
  KEY `articleId` (`articleId`),
  CONSTRAINT `orders_ibfk_1` FOREIGN KEY (`customerId`) REFERENCES `users` (`userId`),
  CONSTRAINT `orders_ibfk_2` FOREIGN KEY (`articleId`) REFERENCES `articles` (`articleId`)
) ENGINE=InnoDB AUTO_INCREMENT=20 DEFAULT CHARSET=latin1;
/*!40101 SET character_set_client = @saved_cs_client */;

--
-- Dumping data for table `orders`
--

LOCK TABLES `orders` WRITE;
/*!40000 ALTER TABLE `orders` DISABLE KEYS */;
INSERT INTO `orders` VALUES (10,1.5,'2016-04-06 00:49:16',2,2),(11,5.75,'2016-04-06 00:49:46',2,3),(18,1.5,'2016-04-05 16:40:01',2,4),(19,1.5,'2016-04-06 14:15:15',1,2);
/*!40000 ALTER TABLE `orders` ENABLE KEYS */;
UNLOCK TABLES;

--
-- Table structure for table `tags`
--

DROP TABLE IF EXISTS `tags`;
/*!40101 SET @saved_cs_client     = @@character_set_client */;
/*!40101 SET character_set_client = utf8 */;
CREATE TABLE `tags` (
  `tagId` int(10) NOT NULL AUTO_INCREMENT,
  `tagName` varchar(20) NOT NULL,
  PRIMARY KEY (`tagId`)
) ENGINE=InnoDB AUTO_INCREMENT=13 DEFAULT CHARSET=utf8;
/*!40101 SET character_set_client = @saved_cs_client */;

--
-- Dumping data for table `tags`
--

LOCK TABLES `tags` WRITE;
/*!40000 ALTER TABLE `tags` DISABLE KEYS */;
INSERT INTO `tags` VALUES (1,'everyday'),(2,'healthy'),(3,'fit'),(4,'research'),(5,'breakthrough'),(6,'technology'),(7,'digsite'),(8,'ruins'),(9,'law'),(10,'funny'),(11,'mistake'),(12,'habits');
/*!40000 ALTER TABLE `tags` ENABLE KEYS */;
UNLOCK TABLES;

--
-- Table structure for table `users`
--

DROP TABLE IF EXISTS `users`;
/*!40101 SET @saved_cs_client     = @@character_set_client */;
/*!40101 SET character_set_client = utf8 */;
CREATE TABLE `users` (
  `userId` int(10) NOT NULL AUTO_INCREMENT,
  `username` varchar(20) NOT NULL,
  `password` varchar(32) NOT NULL,
  `wallet` float DEFAULT '0',
  PRIMARY KEY (`userId`),
  UNIQUE KEY `users_username_uindex` (`username`)
) ENGINE=InnoDB AUTO_INCREMENT=3 DEFAULT CHARSET=utf8;
/*!40101 SET character_set_client = @saved_cs_client */;

--
-- Dumping data for table `users`
--

LOCK TABLES `users` WRITE;
/*!40000 ALTER TABLE `users` DISABLE KEYS */;
INSERT INTO `users` VALUES (1,'test-user1','13fa508eacfa943f8b0c51a46561fc89',479.5),(2,'test-user2','a5689a0f9fc49923783a896dbb765ae9',991.75);
/*!40000 ALTER TABLE `users` ENABLE KEYS */;
UNLOCK TABLES;
/*!40103 SET TIME_ZONE=@OLD_TIME_ZONE */;

/*!40101 SET SQL_MODE=@OLD_SQL_MODE */;
/*!40014 SET FOREIGN_KEY_CHECKS=@OLD_FOREIGN_KEY_CHECKS */;
/*!40014 SET UNIQUE_CHECKS=@OLD_UNIQUE_CHECKS */;
/*!40101 SET CHARACTER_SET_CLIENT=@OLD_CHARACTER_SET_CLIENT */;
/*!40101 SET CHARACTER_SET_RESULTS=@OLD_CHARACTER_SET_RESULTS */;
/*!40101 SET COLLATION_CONNECTION=@OLD_COLLATION_CONNECTION */;
/*!40111 SET SQL_NOTES=@OLD_SQL_NOTES */;

-- Dump completed on 2016-04-06 16:38:04
